[
{
  "model": "app.contacts",
  "pk": 1,
  "fields": {
    "telegram": "",
    "email": "johndoe@mail.com",
    "phone": "879889788",
    "facebook": "ygk",
    "linkedin": ""
  }
},
{
  "model": "app.contacts",
  "pk": 2,
  "fields": {
    "telegram": "doedoe",
    "email": "johndoe@mail.com",
    "phone": "",
    "facebook": "",
    "linkedin": ""
  }
},
{
  "model": "app.contacts",
  "pk": 3,
  "fields": {
    "telegram": "",
    "email": "kess@mail.ru",
    "phone": "",
    "facebook": "",
    "linkedin": ""
  }
},
{
  "model": "app.contacts",
  "pk": 4,
  "fields": {
    "telegram": "",
    "email": "kess@mail.ru",
    "phone": "6779876786",
    "facebook": "",
    "linkedin": ""
  }
},
{
  "model": "app.contacts",
  "pk": 5,
  "fields": {
    "telegram": "",
    "email": "admin@admin.com",
    "phone": "",
    "facebook": "",
    "linkedin": ""
  }
},
{
  "model": "app.contacts",
  "pk": 6,
  "fields": {
    "telegram": "",
    "email": "johndoe@mail.com",
    "phone": "897868576576",
    "facebook": "",
    "linkedin": ""
  }
},
{
  "model": "app.contacts",
  "pk": 7,
  "fields": {
    "telegram": "",
    "email": "kess@mail.ru",
    "phone": "",
    "facebook": "",
    "linkedin": ""
  }
},
{
  "model": "app.contacts",
  "pk": 8,
  "fields": {
    "telegram": "",
    "email": "kess@mail.ru",
    "phone": "",
    "facebook": "",
    "linkedin": ""
  }
},
{
  "model": "app.contacts",
  "pk": 9,
  "fields": {
    "telegram": "",
    "email": "johndoe@mail.com",
    "phone": "5780980985",
    "facebook": "",
    "linkedin": ""
  }
},
{
  "model": "app.contacts",
  "pk": 10,
  "fields": {
    "telegram": "",
    "email": "kess@mail.ru",
    "phone": "",
    "facebook": "",
    "linkedin": ""
  }
},
{
  "model": "app.contacts",
  "pk": 11,
  "fields": {
    "telegram": "",
    "email": "kess@mail.ru",
    "phone": "",
    "facebook": "",
    "linkedin": ""
  }
},
{
  "model": "app.contacts",
  "pk": 12,
  "fields": {
    "telegram": "",
    "email": "kess@mail.ru",
    "phone": "",
    "facebook": "",
    "linkedin": ""
  }
},
{
  "model": "app.contacts",
  "pk": 13,
  "fields": {
    "telegram": "",
    "email": "admin@admin.com",
    "phone": "77777777",
    "facebook": "",
    "linkedin": ""
  }
},
{
  "model": "app.contacts",
  "pk": 14,
  "fields": {
    "telegram": "",
    "email": "johndoe@mail.com",
    "phone": "",
    "facebook": "",
    "linkedin": ""
  }
},
{
  "model": "app.contacts",
  "pk": 15,
  "fields": {
    "telegram": "",
    "email": "admin@admin.com",
    "phone": "",
    "facebook": "",
    "linkedin": ""
  }
},
{
  "model": "app.contacts",
  "pk": 16,
  "fields": {
    "telegram": "doedoe",
    "email": "johndoe@mail.com",
    "phone": "897868576576",
    "facebook": "doedoe",
    "linkedin": "doedoe"
  }
},
{
  "model": "app.contacts",
  "pk": 17,
  "fields": {
    "telegram": "kess",
    "email": "dada@ddd.com",
    "phone": "870222222",
    "facebook": "doedoe",
    "linkedin": "doedoe"
  }
},
{
  "model": "app.contacts",
  "pk": 18,
  "fields": {
    "telegram": "kess",
    "email": "kess@mail.ru",
    "phone": "8705555555",
    "facebook": "",
    "linkedin": ""
  }
},
{
  "model": "app.contacts",
  "pk": 19,
  "fields": {
    "telegram": "",
    "email": "johndoe@mail.com",
    "phone": "8788787778",
    "facebook": "",
    "linkedin": ""
  }
},
{
  "model": "app.contacts",
  "pk": 20,
  "fields": {
    "telegram": "kess",
    "email": "kess@mail.ru",
    "phone": "8970437",
    "facebook": "",
    "linkedin": ""
  }
},
{
  "model": "app.contacts",
  "pk": 21,
  "fields": {
    "telegram": "",
    "email": "nastiblondi@mail.ru",
    "phone": "87022422219",
    "facebook": "",
    "linkedin": ""
  }
},
{
  "model": "app.contacts",
  "pk": 22,
  "fields": {
    "telegram": "",
    "email": "johndoe@mail.com",
    "phone": "+77772422223",
    "facebook": "",
    "linkedin": ""
  }
},
{
  "model": "app.vacancy",
  "pk": 1,
  "fields": {
    "author": 6,
    "job_title": "Бухгалтер",
    "category": "finance",
    "salary": 5000000,
    "description": "офщпшотфзуотпФЖУьи/ляв туфдптьфудлпт фудолптфпlnlknmlm/.klm",
    "min_experience": 2,
    "max_experience": 4,
    "is_published": false,
    "created_at": "2023-04-20T08:51:56.167Z",
    "updated_at": "2023-04-20T10:37:23.292Z"
  }
},
{
  "model": "app.vacancy",
  "pk": 13,
  "fields": {
    "author": 6,
    "job_title": "Преподаватель казахского языка",
    "category": "other",
    "salary": 350000,
    "description": "Наша школа работает онлайн, а ученики занимаются со всех стран СНГ на русском и казахском языке\r\nПреподаватели зарабатывают около 200-300 тыс тг не выходя из дома, особенно когда могут взять достаточно часов каждый день.\r\n\r\nЧТО ПРЕДЛАГАЕМ:\r\n- Возможность работать дистанционно или в офисе\r\n- Легкая система электронного расписания. Дневники и домашнее задание фиксировать не требуется\r\n- Гибкий график работы, можете вести уроки в удобное вам часы\r\n- Все организационные вопросы с клиентами решаем мы сами, ваша основная задача просто проводить уроки по расписанию\r\n- Оплата КАЖДУЮ НЕДЕЛЮ по факту проведенных занятий из расчета 1600 тг в час. (Без задержек)\r\n- Способ обучения используете свой, главное чтобы ученикам нравилось и был результат\r\n\r\nОБЯЗАННОСТИ:\r\n- Вести групповые и индивидуальные занятия онлайн для детей 6-18 лет и взрослых (возраст оговаривается по вашим предпочтениям)\r\n- Следить за атмосферой в группе, чтобы ученикам было комфортно\r\n- Обеспечивать качественное обучение\r\n- Давать обратную связь куратору по ученика и группе\r\n\r\nТРЕБОВАНИЯ:\r\n- Навык ведения урока онлайн, Zoom, Skype или любую другую\r\n- Опыт преподавания более 2-лет\r\n- Высокий уровень знания казахского и русского языка\r\n- Собственная программа обучения, учебники и интерактивные материалы",
    "min_experience": 1,
    "max_experience": 3,
    "is_published": true,
    "created_at": "2023-04-20T08:43:48.034Z",
    "updated_at": "2023-08-15T12:19:13.658Z"
  }
},
{
  "model": "app.vacancy",
  "pk": 14,
  "fields": {
    "author": 6,
    "job_title": "Специалист по IT",
    "category": "IT",
    "salary": 400000,
    "description": "Обязанности:\r\n\r\n- установка и обслуживание компьютерной и офисной техники, оргтехники;\r\n- обеспечение работы системного программного обеспечения;\r\n- обеспечение работоспособности и безопасности сети компании;\r\n- знание бухгалтерских программ, 1С; администрирование сервера 1С, MySQL server;\r\n- уверенное знание Win Server;\r\n- знание сетевого оборудование на базе Microtik;\r\n- техническая поддержка пользователей;\r\n- IP телефония;\r\n- знание системы контроля доступа;\r\n- закупка компьютерной техники;\r\n- создание и поддержка единого сетевого хранилища данных.",
    "min_experience": 3,
    "max_experience": 5,
    "is_published": true,
    "created_at": "2023-04-20T08:45:42.458Z",
    "updated_at": "2023-08-15T12:19:08.761Z"
  }
},
{
  "model": "app.vacancy",
  "pk": 15,
  "fields": {
    "author": 6,
    "job_title": "Ведущий юрист",
    "category": "jurisprudence",
    "salary": 700000,
    "description": "Полная занятость, полный день\r\n\r\nОбязанности:\r\n\r\n- Обеспечение эффективного правового сопровождения деятельности компании, анализ правовых рисков;\r\n- Экспертиза правовой документации, юридическое сопровождение сделок, подготовка юридических заключений;\r\nПредставление и защита интересов компании в государственных органах, во взаимоотношениях с физическими и юридическими лицами в пределах своей компетенции;\r\n\r\nТребования:\r\n- Обязателен опыт работы опыт от 1 года в Банках, Платежных организациях E-commerce, ИТ, смежных проектах;\r\n- Стремление к профессиональному развитию на Локальном и Международных рынках, главное – это желание к обучению на рынке E-commerce;\r\n- Грамотная письменная и устная речь;\r\n\r\nсловия:\r\n- Уютный офис в верхней части города (Аль-Фараби - Нурлы Тау);\r\n- Высокий уровень заработной платы - оклад + KPI;\r\n- Много возможностей для обучения и развития;",
    "min_experience": 1,
    "max_experience": 3,
    "is_published": true,
    "created_at": "2023-04-20T08:47:38.612Z",
    "updated_at": "2023-08-15T12:19:11.553Z"
  }
},
{
  "model": "app.vacancy",
  "pk": 16,
  "fields": {
    "author": 6,
    "job_title": "Специалист Финансового мониторинга",
    "category": "finance",
    "salary": 800000,
    "description": "Обязанности:\r\n\r\n- Составление технических заданий, участие в рабочих группах, контроль реализации и\r\nвнедрения автоматизации процессов;\r\n- Проведение оценки степени подверженности услуг Компании рискам отмывания доходов и\r\nфинансированию терроризма;\r\n- Проведение проверок подразделений по выявлению нарушения законодательства РК,\r\nвнутренних правил и процедур Компании;\r\n\r\nТребования:\r\n- Опыт работы в направлении финансового мониторинга/валютном контроле;\r\n- Опыт работы в банковской/финансовой/юридической/коммерческой сфере или уполномоченном органе не менее 3 года;\r\n- Знание законодательных и нормативных, правовых актов Национального Банка, Налогового Комитета Министерства Финансов, РУз и РБ и международных стандартов в сфере ПОД/ФТ и FATCA, CRS, а также законодательства РК, РУз и РБ в части деятельности платежных организаций;",
    "min_experience": 4,
    "max_experience": 6,
    "is_published": true,
    "created_at": "2023-04-20T08:48:57.642Z",
    "updated_at": "2023-08-15T12:19:06.237Z"
  }
},
{
  "model": "app.vacancy",
  "pk": 17,
  "fields": {
    "author": 6,
    "job_title": "Project manager",
    "category": "management",
    "salary": 750000,
    "description": "Требования:\r\n\r\n- Развитое аналитическое мышление;\r\n- Опыт работы в маркетинге или в аккаунтинге клиентов B2B;\r\n- Умение определять и анализировать целевую аудиторию бренда/продукта;\r\n- Знание основ позиционирования брендов;\r\n\r\nБудут преимуществом:\r\n- Наличие опыта в продажах;\r\n- Знание Digital маркетинга;\r\n- Знание английского языка.\r\n\r\nОбязанности:\r\n- Сбор информации о потенциальных клиентах и их конкурентах;\r\n- Встречи с потенциальными клиентами;\r\n- Разработка стратегий и медиапланов;\r\n\r\nУсловия работы:\r\n- Сумма заработной платы зависит от квалификации кандидата.\r\n- Прозрачная и понятная система оплаты труда (фиксированный оклад + бонусы).\r\n- Испытательный срок: 3 месяца.",
    "min_experience": 1,
    "max_experience": 3,
    "is_published": true,
    "created_at": "2023-04-20T08:50:40.943Z",
    "updated_at": "2023-08-15T12:19:03.732Z"
  }
},
{
  "model": "app.vacancy",
  "pk": 18,
  "fields": {
    "author": 6,
    "job_title": "Старший Менеджер по Маркетингу",
    "category": "marketing",
    "salary": 900000,
    "description": "Обязанности:\r\n- Разрабатывать и внедрять творческие и ориентированные на данные маркетинговые стратегии, кампании и инициативы в соответствии с миссией, ценностями и корпоративной идентичностью Erickson International.\r\n- Адаптировать и локализовать канадские маркетинговые мероприятия для учета уникальных потребностей и предпочтений казахстанского рынка.\r\n- Разрабатывать и реализовывать специализированные маркетинговые направления для казахстанского рынка, повышая осведомленность о бренде, вовлечение клиентов и рост выручки.\r\n\r\nТребования:\r\n- Бакалавр в области маркетинга, бизнес-администрирования или смежной сфере.\r\n- Минимум 3 года опыта работы в маркетинге и не менее 1 года опыта на руководящей или управленческой должности, предпочтительно в стартапе или быстрорастущей компании.\r\n\r\nУсловия:\r\n\r\n- График работы 5/2\r\n- Формат работы: Гибридный\r\n- Официальное трудоустройства согласно ТК РК",
    "min_experience": 2,
    "max_experience": 5,
    "is_published": true,
    "created_at": "2023-04-20T08:52:13.657Z",
    "updated_at": "2023-08-15T12:19:00.879Z"
  }
},
{
  "model": "app.vacancy",
  "pk": 19,
  "fields": {
    "author": 6,
    "job_title": "Преподаватель в школе искусств и дизайна",
    "category": "art",
    "salary": 250000,
    "description": "Требования:\r\n- Иметь соответствующие навыки:\r\n- Autosedk 3DS MAX\r\n- Krita, Adobe Animate, Adobe After Effects (Media Encoder), Adobe Premiere Pro\r\n- Blender, Cinema 4D, Adobe Premiere Pro\r\n- Умение находить общий язык с детьми от 14 лет\r\n- Художественное образование\r\n- Коммуникабельность\r\n- Пунктуальность\r\n\r\nКлючевые навыки: \r\n- Работа в команде \r\n- Грамотная речь \r\n- Живопись \r\n- Творчество",
    "min_experience": 1,
    "max_experience": 3,
    "is_published": true,
    "created_at": "2023-04-20T08:54:06.324Z",
    "updated_at": "2023-08-15T12:17:11.440Z"
  }
},
{
  "model": "app.vacancy",
  "pk": 20,
  "fields": {
    "author": 6,
    "job_title": "Менеджер по туризму",
    "category": "tourism",
    "salary": 350000,
    "description": "Мы открываем позицию менеджера по туризму!\r\n\r\nОбязанности:\r\n- Формирование и продажа индивидуальных и пакетных туров.\r\n- Продажа туров любой сложности.\r\n- Консультация клиентов, живые продажи с заинтересованными клиентами.\r\n\r\nТребования:\r\n- Опыт работы не менее года на позиции \"менеджера по туризмy\"(внешний туризм);\r\n- Опыт работы с vip-клиентами;\r\n- Навыки продаж, грамотная речь, коммуникабельность;\r\n- Ответственность, внимательность, стрессоустойчивость, легкая обучаемость;\r\n- Возможность выезжать в командировки и информационные туры;\r\n- Умение работать в команде;\r\n- Активная жизненная позиция, желание работать и развиваться;\r\n- Знание казахского языка приветствуется.\r\n\r\nУсловия:\r\n- Сменный график работы: 2/2 с 10 до 22.00;\r\n- Успешная и стабильная компания;\r\n- Работа в профессиональном и дружном коллективе;\r\n- Профессиональный рост, тренинги, семинары;",
    "min_experience": 1,
    "max_experience": 3,
    "is_published": true,
    "created_at": "2023-04-20T08:55:15.594Z",
    "updated_at": "2023-08-15T12:08:21.557Z"
  }
},
{
  "model": "app.vacancy",
  "pk": 21,
  "fields": {
    "author": 6,
    "job_title": "Официант",
    "category": "other",
    "salary": 200000,
    "description": "Требуемый опыт работы: не требуется\r\n\r\nПолная занятость, полный день\r\n\r\nОбязанности:\r\n\r\n- подготовка ресторана к открытию/закрытию;\r\n- качественное обслуживание гостей;\r\n- консультирование гостей ресторана об особенностях блюд и напитков;\r\n- расчет гостей ресторана.\r\n\r\nТребования:\r\n- опыт работы приветствуется;\r\n- наличие медицинской книжки.",
    "min_experience": 1,
    "max_experience": 2,
    "is_published": true,
    "created_at": "2023-04-20T08:56:21.937Z",
    "updated_at": "2023-08-15T12:18:58.686Z"
  }
},
{
  "model": "app.vacancy",
  "pk": 22,
  "fields": {
    "author": 6,
    "job_title": "Бухгалтер Оператор",
    "category": "finance",
    "salary": 350000,
    "description": "Условия:\r\nГрафик: 2/2 (с 9:00 до 15:00) удаленно\r\n\r\nОбязанности:\r\n- Выполнение поручений главного бухгалтера\r\n- Работа с 1С на уровне оператора\r\n\r\nТребования:\r\n- Высшее образование/неоконченное высшее экономическое образование без требований к квалификации/среднее техническое и профессиональное;\r\n- Знание нормативных правовых актов, положений, и документов по ведению кассовых операций;",
    "min_experience": 1,
    "max_experience": 3,
    "is_published": true,
    "created_at": "2023-04-20T08:57:51.218Z",
    "updated_at": "2023-08-15T12:24:26.328Z"
  }
},
{
  "model": "app.vacancy",
  "pk": 23,
  "fields": {
    "author": 6,
    "job_title": "Бухгалтер",
    "category": "finance",
    "salary": 300000,
    "description": "",
    "min_experience": 1,
    "max_experience": 17,
    "is_published": true,
    "created_at": "2023-04-20T10:18:44.179Z",
    "updated_at": "2023-08-15T12:24:21.334Z"
  }
},
{
  "model": "app.vacancy",
  "pk": 24,
  "fields": {
    "author": 6,
    "job_title": "Бухгалтер не опублик",
    "category": "jurisprudence",
    "salary": 500000,
    "description": "fnfgndhygmn",
    "min_experience": 1,
    "max_experience": 4,
    "is_published": false,
    "created_at": "2023-04-22T10:00:14.446Z",
    "updated_at": "2023-08-15T12:24:19.280Z"
  }
},
{
  "model": "app.cv",
  "pk": 20,
  "fields": {
    "status": "NOT_ACTIVE",
    "author": 1,
    "first_name": "Admin",
    "last_name": "Adminov",
    "job_category": "other",
    "position": "Администратор",
    "salary": 600000,
    "education_level": "bachelor",
    "created_at": "2023-04-19T06:32:37.521Z",
    "updated_at": "2023-04-19T06:33:17.089Z",
    "contacts": 15,
    "published": false
  }
},
{
  "model": "app.cv",
  "pk": 21,
  "fields": {
    "status": "ACTIVE",
    "author": 2,
    "first_name": "Анастасия",
    "last_name": "Прокудина",
    "job_category": "other",
    "position": "Администратор",
    "salary": 500000,
    "education_level": "secondary",
    "created_at": "2023-04-20T00:29:52.512Z",
    "updated_at": "2023-05-05T16:19:40.188Z",
    "contacts": 21,
    "published": false
  }
},
{
  "model": "app.cv",
  "pk": 22,
  "fields": {
    "status": "ACTIVE",
    "author": 2,
    "first_name": "John",
    "last_name": "Doe",
    "job_category": "IT",
    "position": "Python Developer",
    "salary": 600000,
    "education_level": "bachelor",
    "created_at": "2023-04-19T08:13:32.673Z",
    "updated_at": "2023-05-05T16:19:53.074Z",
    "contacts": 16,
    "published": true
  }
},
{
  "model": "app.cv",
  "pk": 23,
  "fields": {
    "status": "NOT_ACTIVE",
    "author": 2,
    "first_name": "John",
    "last_name": "DoeS",
    "job_category": "other",
    "position": "Уборщик",
    "salary": 70000,
    "education_level": "incomplete higher",
    "created_at": "2023-04-20T00:04:58.773Z",
    "updated_at": "2023-04-20T00:20:11.959Z",
    "contacts": 17,
    "published": false
  }
},
{
  "model": "app.cv",
  "pk": 24,
  "fields": {
    "status": "ACTIVE",
    "author": 2,
    "first_name": "Anastassiya",
    "last_name": "Kess",
    "job_category": "domestic services",
    "position": "IT",
    "salary": 300000,
    "education_level": "higher",
    "created_at": "2023-04-20T00:22:35.721Z",
    "updated_at": "2023-08-15T10:23:08.308Z",
    "contacts": 18,
    "published": true
  }
},
{
  "model": "app.cv",
  "pk": 25,
  "fields": {
    "status": "ACTIVE",
    "author": 2,
    "first_name": "John",
    "last_name": "Doe",
    "job_category": "marketing",
    "position": "Маркетолог",
    "salary": 400000,
    "education_level": "bachelor",
    "created_at": "2023-04-20T00:25:04.416Z",
    "updated_at": "2023-05-03T05:37:15.083Z",
    "contacts": 19,
    "published": false
  }
},
{
  "model": "app.cv",
  "pk": 28,
  "fields": {
    "status": "NOT_ACTIVE",
    "author": 2,
    "first_name": "John",
    "last_name": "Doe",
    "job_category": "other",
    "position": null,
    "salary": null,
    "education_level": "secondary",
    "created_at": "2023-08-15T13:03:54.947Z",
    "updated_at": "2023-08-15T13:03:54.947Z",
    "contacts": null,
    "published": false
  }
},
{
  "model": "app.experience",
  "pk": 5,
  "fields": {
    "company_name": "ИП Elite Wood",
    "position": "директор",
    "duties": "щзопжщфушопэзщуыопрэщзыук",
    "started_at": 2013,
    "finished_at": 2014,
    "cv": 22
  }
},
{
  "model": "app.experience",
  "pk": 6,
  "fields": {
    "company_name": "ИП Elite Wood",
    "position": "директор",
    "duties": "щзопжщфушопэзщуыопрэщзыук",
    "started_at": 2013,
    "finished_at": 2015,
    "cv": 21
  }
},
{
  "model": "app.education",
  "pk": 31,
  "fields": {
    "place": "Attractor",
    "course": "Python",
    "specialization": "Python Developer",
    "started_at": 2012,
    "finished_at": 2013,
    "cv": 20
  }
},
{
  "model": "app.education",
  "pk": 37,
  "fields": {
    "place": "Attractor",
    "course": "Python",
    "specialization": "Python Developer",
    "started_at": 2012,
    "finished_at": 2013,
    "cv": 22
  }
},
{
  "model": "app.education",
  "pk": 38,
  "fields": {
    "place": "Attractor",
    "course": "Python",
    "specialization": "Python Developer",
    "started_at": 2012,
    "finished_at": 2019,
    "cv": 22
  }
},
{
  "model": "app.education",
  "pk": 39,
  "fields": {
    "place": "Университет",
    "course": "Технолог",
    "specialization": "Технолог пищевой пром.",
    "started_at": 2017,
    "finished_at": 2021,
    "cv": 22
  }
},
{
  "model": "app.education",
  "pk": 40,
  "fields": {
    "place": "шгпиржшщр",
    "course": "дпирдго",
    "specialization": "Python Developer",
    "started_at": 2012,
    "finished_at": 2014,
    "cv": 21
  }
},
{
  "model": "app.response",
  "pk": 2,
  "fields": {
    "user": 2,
    "cv": 22,
    "vacancy": 19
  }
},
{
  "model": "app.response",
  "pk": 3,
  "fields": {
    "user": 2,
    "cv": 25,
    "vacancy": 19
  }
},
{
  "model": "app.response",
  "pk": 4,
  "fields": {
    "user": 2,
    "cv": 24,
    "vacancy": 19
  }
},
{
  "model": "app.response",
  "pk": 5,
  "fields": {
    "user": 2,
    "cv": 24,
    "vacancy": 22
  }
},
{
  "model": "app.response",
  "pk": 6,
  "fields": {
    "user": 2,
    "cv": 25,
    "vacancy": 1
  }
},
{
  "model": "accounts.account",
  "pk": 1,
  "fields": {
    "password": "pbkdf2_sha256$600000$XbKnigSHKiatTRu7HGetko$XivaxbWZheytF2OfQ0n1+yBnajN+3LWawPk62UsA0YQ=",
    "last_login": "2023-05-05T16:16:47.909Z",
    "is_superuser": true,
    "username": "admin@admin.com",
    "first_name": "Admin",
    "last_name": "Adminov",
    "is_staff": true,
    "is_active": true,
    "date_joined": "2023-04-17T15:29:08.967Z",
    "email": "admin@admin.com",
    "phone": "",
    "avatar": "user_pic/default_user_pic.jpeg",
    "bio": "",
    "is_employer": true,
    "groups": [],
    "user_permissions": []
  }
},
{
  "model": "accounts.account",
  "pk": 2,
  "fields": {
    "password": "pbkdf2_sha256$600000$hGZdkxwbXDQDpLMERBnk6b$QuGbYkDfuDA9TKxCMwx35KaO/AXGhiWdKw8/uRP+/SI=",
    "last_login": "2023-08-15T12:29:51.167Z",
    "is_superuser": false,
    "username": "john_doe@mail.com",
    "first_name": "John",
    "last_name": "Doe",
    "is_staff": false,
    "is_active": true,
    "date_joined": "2023-04-17T15:49:07.743Z",
    "email": "john_doe@mail.com",
    "phone": "7054970436346",
    "avatar": "user_pic/images.jpeg",
    "bio": "mlkmhp'srmh'pomlk njnljogeg;ikaemd",
    "is_employer": false,
    "groups": [
      1
    ],
    "user_permissions": []
  }
},
{
  "model": "accounts.account",
  "pk": 6,
  "fields": {
    "password": "pbkdf2_sha256$600000$JKBUVgpIujPfcYFs5Q9XG3$fCg5iaJpTIckxhEv1bN9BC25AVYJYInC4AaldPCB5uA=",
    "last_login": "2023-08-15T12:08:03.875Z",
    "is_superuser": false,
    "username": "TOO-Recrut",
    "first_name": "",
    "last_name": "",
    "is_staff": false,
    "is_active": true,
    "date_joined": "2023-04-20T04:11:31.303Z",
    "email": "too@mail.ru",
    "phone": "87759596671",
    "avatar": "user_pic/user_company.png",
    "bio": "Агентство «Optimum Recruitment&Executive Search» один из ведущих игроков кадрового рынка в Казахстане, который специализируется в области подбора персонала высшего и среднего звена yже на протяжении 20 лет.\r\n\r\nЗа 19 лет работы на рынке мы успели поработать с более, чем 120 компаниями: торговые, производственные, фармацевтические, косметические, консалтинговые (финансовый, инвестиционный и юридический консалтинг), транспортные, IT и телекоммуникационные, электротехнические, страховые, банки и т.д.",
    "is_employer": true,
    "groups": [
      2
    ],
    "user_permissions": []
  }
},
{
  "model": "auth.permission",
  "pk": 1,
  "fields": {
    "name": "Can add log entry",
    "content_type": 1,
    "codename": "add_logentry"
  }
},
{
  "model": "auth.permission",
  "pk": 2,
  "fields": {
    "name": "Can change log entry",
    "content_type": 1,
    "codename": "change_logentry"
  }
},
{
  "model": "auth.permission",
  "pk": 3,
  "fields": {
    "name": "Can delete log entry",
    "content_type": 1,
    "codename": "delete_logentry"
  }
},
{
  "model": "auth.permission",
  "pk": 4,
  "fields": {
    "name": "Can view log entry",
    "content_type": 1,
    "codename": "view_logentry"
  }
},
{
  "model": "auth.permission",
  "pk": 5,
  "fields": {
    "name": "Can add permission",
    "content_type": 2,
    "codename": "add_permission"
  }
},
{
  "model": "auth.permission",
  "pk": 6,
  "fields": {
    "name": "Can change permission",
    "content_type": 2,
    "codename": "change_permission"
  }
},
{
  "model": "auth.permission",
  "pk": 7,
  "fields": {
    "name": "Can delete permission",
    "content_type": 2,
    "codename": "delete_permission"
  }
},
{
  "model": "auth.permission",
  "pk": 8,
  "fields": {
    "name": "Can view permission",
    "content_type": 2,
    "codename": "view_permission"
  }
},
{
  "model": "auth.permission",
  "pk": 9,
  "fields": {
    "name": "Can add group",
    "content_type": 3,
    "codename": "add_group"
  }
},
{
  "model": "auth.permission",
  "pk": 10,
  "fields": {
    "name": "Can change group",
    "content_type": 3,
    "codename": "change_group"
  }
},
{
  "model": "auth.permission",
  "pk": 11,
  "fields": {
    "name": "Can delete group",
    "content_type": 3,
    "codename": "delete_group"
  }
},
{
  "model": "auth.permission",
  "pk": 12,
  "fields": {
    "name": "Can view group",
    "content_type": 3,
    "codename": "view_group"
  }
},
{
  "model": "auth.permission",
  "pk": 13,
  "fields": {
    "name": "Can add content type",
    "content_type": 4,
    "codename": "add_contenttype"
  }
},
{
  "model": "auth.permission",
  "pk": 14,
  "fields": {
    "name": "Can change content type",
    "content_type": 4,
    "codename": "change_contenttype"
  }
},
{
  "model": "auth.permission",
  "pk": 15,
  "fields": {
    "name": "Can delete content type",
    "content_type": 4,
    "codename": "delete_contenttype"
  }
},
{
  "model": "auth.permission",
  "pk": 16,
  "fields": {
    "name": "Can view content type",
    "content_type": 4,
    "codename": "view_contenttype"
  }
},
{
  "model": "auth.permission",
  "pk": 17,
  "fields": {
    "name": "Can add session",
    "content_type": 5,
    "codename": "add_session"
  }
},
{
  "model": "auth.permission",
  "pk": 18,
  "fields": {
    "name": "Can change session",
    "content_type": 5,
    "codename": "change_session"
  }
},
{
  "model": "auth.permission",
  "pk": 19,
  "fields": {
    "name": "Can delete session",
    "content_type": 5,
    "codename": "delete_session"
  }
},
{
  "model": "auth.permission",
  "pk": 20,
  "fields": {
    "name": "Can view session",
    "content_type": 5,
    "codename": "view_session"
  }
},
{
  "model": "auth.permission",
  "pk": 21,
  "fields": {
    "name": "Can add Профиль",
    "content_type": 6,
    "codename": "add_account"
  }
},
{
  "model": "auth.permission",
  "pk": 22,
  "fields": {
    "name": "Can change Профиль",
    "content_type": 6,
    "codename": "change_account"
  }
},
{
  "model": "auth.permission",
  "pk": 23,
  "fields": {
    "name": "Can delete Профиль",
    "content_type": 6,
    "codename": "delete_account"
  }
},
{
  "model": "auth.permission",
  "pk": 24,
  "fields": {
    "name": "Can view Профиль",
    "content_type": 6,
    "codename": "view_account"
  }
},
{
  "model": "auth.permission",
  "pk": 25,
  "fields": {
    "name": "Can add contacts",
    "content_type": 7,
    "codename": "add_contacts"
  }
},
{
  "model": "auth.permission",
  "pk": 26,
  "fields": {
    "name": "Can change contacts",
    "content_type": 7,
    "codename": "change_contacts"
  }
},
{
  "model": "auth.permission",
  "pk": 27,
  "fields": {
    "name": "Can delete contacts",
    "content_type": 7,
    "codename": "delete_contacts"
  }
},
{
  "model": "auth.permission",
  "pk": 28,
  "fields": {
    "name": "Can view contacts",
    "content_type": 7,
    "codename": "view_contacts"
  }
},
{
  "model": "auth.permission",
  "pk": 29,
  "fields": {
    "name": "Can add cv",
    "content_type": 8,
    "codename": "add_cv"
  }
},
{
  "model": "auth.permission",
  "pk": 30,
  "fields": {
    "name": "Can change cv",
    "content_type": 8,
    "codename": "change_cv"
  }
},
{
  "model": "auth.permission",
  "pk": 31,
  "fields": {
    "name": "Can delete cv",
    "content_type": 8,
    "codename": "delete_cv"
  }
},
{
  "model": "auth.permission",
  "pk": 32,
  "fields": {
    "name": "Can view cv",
    "content_type": 8,
    "codename": "view_cv"
  }
},
{
  "model": "auth.permission",
  "pk": 33,
  "fields": {
    "name": "Can add education",
    "content_type": 9,
    "codename": "add_education"
  }
},
{
  "model": "auth.permission",
  "pk": 34,
  "fields": {
    "name": "Can change education",
    "content_type": 9,
    "codename": "change_education"
  }
},
{
  "model": "auth.permission",
  "pk": 35,
  "fields": {
    "name": "Can delete education",
    "content_type": 9,
    "codename": "delete_education"
  }
},
{
  "model": "auth.permission",
  "pk": 36,
  "fields": {
    "name": "Can view education",
    "content_type": 9,
    "codename": "view_education"
  }
},
{
  "model": "auth.permission",
  "pk": 37,
  "fields": {
    "name": "Can add experience",
    "content_type": 10,
    "codename": "add_experience"
  }
},
{
  "model": "auth.permission",
  "pk": 38,
  "fields": {
    "name": "Can change experience",
    "content_type": 10,
    "codename": "change_experience"
  }
},
{
  "model": "auth.permission",
  "pk": 39,
  "fields": {
    "name": "Can delete experience",
    "content_type": 10,
    "codename": "delete_experience"
  }
},
{
  "model": "auth.permission",
  "pk": 40,
  "fields": {
    "name": "Can view experience",
    "content_type": 10,
    "codename": "view_experience"
  }
},
{
  "model": "auth.permission",
  "pk": 41,
  "fields": {
    "name": "Can add Вакансия",
    "content_type": 11,
    "codename": "add_vacancy"
  }
},
{
  "model": "auth.permission",
  "pk": 42,
  "fields": {
    "name": "Can change Вакансия",
    "content_type": 11,
    "codename": "change_vacancy"
  }
},
{
  "model": "auth.permission",
  "pk": 43,
  "fields": {
    "name": "Can delete Вакансия",
    "content_type": 11,
    "codename": "delete_vacancy"
  }
},
{
  "model": "auth.permission",
  "pk": 44,
  "fields": {
    "name": "Can view Вакансия",
    "content_type": 11,
    "codename": "view_vacancy"
  }
},
{
  "model": "auth.permission",
  "pk": 45,
  "fields": {
    "name": "Can add Отклик",
    "content_type": 12,
    "codename": "add_response"
  }
},
{
  "model": "auth.permission",
  "pk": 46,
  "fields": {
    "name": "Can change Отклик",
    "content_type": 12,
    "codename": "change_response"
  }
},
{
  "model": "auth.permission",
  "pk": 47,
  "fields": {
    "name": "Can delete Отклик",
    "content_type": 12,
    "codename": "delete_response"
  }
},
{
  "model": "auth.permission",
  "pk": 48,
  "fields": {
    "name": "Can view Отклик",
    "content_type": 12,
    "codename": "view_response"
  }
},
{
  "model": "auth.group",
  "pk": 1,
  "fields": {
    "name": "applicant",
    "permissions": [
      21,
      22,
      24,
      25,
      26,
      27,
      28,
      29,
      30,
      31,
      32,
      33,
      34,
      35,
      36,
      37,
      38,
      39,
      40
    ]
  }
},
{
  "model": "auth.group",
  "pk": 2,
  "fields": {
    "name": "employer",
    "permissions": [
      21,
      22,
      24,
      25,
      26,
      27,
      28,
      32,
      36,
      40
    ]
  }
}
]
